id,teamId,league,notes,displayName,abbrName,cityName,conferenceName,defScheme,divName,injuryCount,logoId,nickName,offScheme,ovrRating,primaryColor,secondaryColor,userName,awayLosses,awayTies,awayWins,calendarYear,conferenceId,confLosses,confTies,confWins,capRoom,capAvailable,capSpent,defPassYds,defPassYdsRank,defRushYds,defRushYdsRank,defTotalYds,defTotalYdsRank,divisionId,divLosses,divisionName,divTies,divWins,homeLosses,homeTies,homeWins,netPts,offPassYds,offPassYdsRank,offRushYds,offRushYdsRank,offTotalYds,offTotalYdsRank,ptsAgainstRank,ptsForRank,playoffStatus,prevRank,ptsAgainst,ptsFor,rank,seed,seasonIndex,stageIndex,totalLosses,totalTies,totalWins,teamName,teamOvr,tODiff,weekIndex,winLossStreak,winPct,trade_block_comments,logo,banner,footer_banner
1578091,774242304,MadZone,,49ers,SF,San Francisco,NFC,19,NFC West,0,14,Niners,0,85,11141120,11506269,s_bad_touch,8,0,0,2026,766246912,8,0,2,304200000,52800000,251400000,3625,22,1426,9,5051,18,769392647,3,NFC West,0,1,4,0,2,-124,2573,32,1645,12,4218,31,22,31,0,20,30,21,31,16,1,1,12,0,2,49ers,85,-3,15,248,0.14,,,,
1578082,774242305,MadZone,,Bears,CHI,Chicago,NFC,13,NFC North,1,0,Bears,2,89,726570,15089920,mALix1305,6,0,1,2026,766246912,7,0,3,304200000,390000,303810000,3796,24,1651,20,5447,28,769392645,3,NFC North,0,1,3,0,4,-8,3589,14,1174,27,4763,25,11,24,0,13,28,27,22,11,1,1,9,0,5,Bears,89,-1,15,3,0.36,,,,
1578065,774242306,MadZone,,Bengals,CIN,Cincinnati,AFC,11,AFC North,0,1,Bengals,0,86,16469780,0,BackFlashers,3,0,4,2026,764805120,3,0,8,304200000,6790000,297410000,3288,13,1985,31,5273,23,769392641,2,AFC North,0,3,2,0,5,21,3460,18,1590,15,5050,15,12,16,1,21,28,29,8,5,1,1,5,0,9,Bengals,86,9,15,2,0.64,,,,
1578074,774242307,MadZone,,Bills,BUF,Buffalo,AFC,11,AFC East,0,2,Bills,6,85,798338,13961738,sportialek,5,1,1,2026,764805120,7,0,2,304200000,23480000,280720000,3801,25,1559,12,5360,26,769392640,1,AFC East,0,2,5,0,2,-117,3020,28,1456,20,4476,30,23,30,0,15,30,21,25,13,1,1,10,1,3,Bills,85,-10,15,253,0.25,,,,
1578076,774242308,MadZone,,Broncos,DEN,Denver,AFC,14,AFC West,0,3,Broncos,4,87,664387,16534530,MeisterShredder0,3,0,4,2026,764805120,4,0,5,304200000,18570000,285630000,3868,27,1575,13,5443,27,769392643,2,AFC West,0,1,2,0,5,14,3110,24,2006,5,5116,13,26,9,0,4,31,32,14,9,1,1,5,0,9,Broncos,87,7,15,255,0.64,,,,
1578066,774242309,MadZone,,Browns,CLE,Cleveland,AFC,11,AFC North,0,4,Browns,0,88,16727040,3218688,atemlos_phil92,2,0,6,2026,764805120,2,0,7,304200000,26770000,277430000,2896,2,1345,7,4241,2,769392641,1,AFC North,0,3,2,0,4,142,3549,16,1493,19,5042,16,3,5,1,5,22,33,5,3,1,1,4,0,10,Browns,88,14,15,3,0.71,,,,
1578086,774242310,MadZone,,Buccaneers,TB,Tampa Bay,NFC,11,NFC South,1,5,Bucs,0,87,10685741,4078133,DonReggy,4,0,3,2026,766246912,5,0,6,304200000,2370000,301830000,3134,8,1182,2,4316,4,769392646,2,NFC South,0,4,2,0,5,76,3463,17,1410,22,4873,24,4,19,0,7,23,28,16,8,1,1,6,0,8,Buccaneers,87,12,15,254,0.57,,,,
1578094,774242311,MadZone,,Cardinals,ARI,Arizona,NFC,11,NFC West,0,6,Cardinals,2,85,8847399,16777215,Shiro10th,5,0,3,2026,766246912,5,0,4,304200000,16730000,287470000,3458,18,1895,29,5353,25,769392647,2,NFC West,0,3,5,0,1,-110,4023,3,1526,17,5549,3,30,18,0,17,36,28,24,12,1,1,10,0,4,Cardinals,85,-24,15,255,0.29,,,,
1578077,774242314,MadZone,,Chargers,LAC,Los Angeles,AFC,18,AFC West,0,7,Bolts,1,86,32966,16761358,jojo011205,4,0,2,2026,764805120,5,0,5,304200000,5860000,298340000,3036,5,1934,30,4970,15,769392643,1,AFC West,0,3,1,0,7,2,3990,4,1496,18,5486,4,24,14,0,24,30,30,13,8,1,1,5,0,9,Chargers,86,-14,15,254,0.64,,,,
1578078,774242315,MadZone,,Chiefs,KC,Kansas City,AFC,20,AFC West,0,8,Chiefs,1,87,14882871,15641886,hippo04krates,2,0,6,2026,764805120,2,0,7,304200000,240000,303960000,3036,6,1190,3,4226,1,769392643,1,AFC West,0,2,0,0,6,170,3251,21,1754,10,5005,17,1,8,1,25,19,32,2,1,1,1,2,0,12,Chiefs,87,5,15,4,0.86,,,,
1578070,774242316,MadZone,,Colts,IND,Indianapolis,AFC,20,AFC South,0,9,Colts,1,89,78697,16777215,mustachemeen,2,0,5,2026,764805120,4,0,5,304200000,6090000,298110000,3502,19,1661,21,5163,21,769392642,1,AFC South,0,2,3,0,4,54,3358,19,1999,6,5357,9,13,7,1,32,28,32,11,6,1,1,5,0,9,Colts,89,2,15,2,0.64,,,,
1578090,774242317,MadZone,,Commanders,WAS,Washington,NFC,20,NFC East,0,25,Commanders,7,87,5903380,16758290,Antihumanist,2,1,4,2026,766246912,3,0,6,304200000,20000000,284200000,3164,9,1585,14,4749,8,769392644,2,NFC East,0,3,3,0,4,64,3775,9,1608,14,5383,7,7,12,1,18,27,31,15,7,1,1,5,1,8,Commanders,87,9,15,2,0.61,,,,
1578071,774242319,MadZone,,Dolphins,MIA,Miami,AFC,20,AFC East,1,11,Phins,1,81,36503,16534530,JtheW_,1,0,6,2026,764805120,2,0,9,304200000,13470000,290730000,2771,1,1497,11,4268,3,769392640,1,AFC East,0,4,2,0,5,218,3645,13,2007,4,5652,2,2,2,3,1,20,36,3,2,1,1,3,0,11,Dolphins,81,31,15,1,0.79,,,,
1578088,774242320,MadZone,,Eagles,PHI,Philadelphia,NFC,13,NFC East,0,12,Eagles,0,89,18513,10660525,ibel04,1,0,7,2026,766246912,2,0,7,304200000,42850000,261350000,3431,17,1683,22,5114,20,769392644,1,NFC East,0,3,2,0,4,101,3181,22,2177,2,5358,8,9,3,1,6,27,35,4,2,1,1,3,0,11,Eagles,89,5,15,254,0.79,,,,
1578083,774242321,MadZone,,Falcons,ATL,Atlanta,NFC,11,NFC South,0,13,Falcons,2,83,10685741,0,Zwenners,5,0,3,2026,766246912,7,0,2,304200000,14240000,289960000,3106,7,1636,19,4742,7,769392646,3,NFC South,0,1,6,0,0,-132,3074,26,1070,32,4144,32,19,32,0,28,29,20,28,14,1,1,11,0,3,Falcons,83,-16,15,248,0.21,,,,
1578089,774242323,MadZone,,Giants,NYG,New York,NFC,14,NFC East,1,15,G-Men,0,86,74578,10685741,FTx_Phillip,3,0,5,2026,766246912,4,0,6,304200000,4070000,300130000,3411,15,1611,16,5022,17,769392644,4,NFC East,0,0,3,0,3,32,3797,6,1115,29,4912,22,20,10,0,30,29,31,17,9,1,1,6,0,8,Giants,86,4,15,2,0.57,,,,
1578087,774242318,MadZone,,Huskies,HNL,Honolulu,NFC,11,NFC East,0,162,Huskies,5,87,4605510,5477305,BASTIAN311,4,0,3,2026,766246912,4,0,5,304200000,6300000,297900000,3358,14,1280,6,4638,5,769392644,2,NFC East,0,3,1,0,6,57,3655,12,1262,26,4917,21,8,11,1,10,27,31,6,6,1,1,5,0,9,Huskies,87,-6,15,255,0.64,,,,
1578067,774242325,MadZone,,Jaguars,JAX,Jacksonville,AFC,12,AFC South,0,16,Jags,0,89,25974,0,JuniorBevilCR,2,0,5,2026,764805120,2,0,7,304200000,5070000,299130000,3178,10,1622,18,4800,9,769392642,0,AFC South,0,4,3,0,4,79,2896,29,2545,1,5441,6,14,4,1,3,28,34,7,4,1,1,5,0,9,Jaguars,89,11,15,255,0.64,,,,
1578072,774242326,MadZone,,Jets,NYJ,New York,AFC,19,AFC East,1,17,Jets,0,86,1136448,16777215,Ammerseeloewe,3,0,3,2026,764805120,6,0,3,304200000,24350000,279850000,3260,11,1692,23,4952,14,769392640,2,AFC East,0,1,4,0,4,23,3049,27,2070,3,5119,12,6,17,0,9,26,28,19,11,1,1,7,0,7,Jets,86,-4,15,2,0.50,,,,
1578079,774242327,MadZone,,Lions,DET,Detroit,NFC,19,NFC North,0,18,Lions,0,89,30390,11581372,andrefricke,6,0,1,2026,766246912,8,0,2,304200000,30090000,274110000,4053,31,1740,26,5793,31,769392645,4,NFC North,0,1,5,1,1,-139,3556,15,1327,24,4883,23,31,23,0,23,37,27,30,15,1,1,11,1,2,Lions,89,-14,15,1,0.18,,,,
1578080,774242329,MadZone,,Packers,GB,Green Bay,NFC,16,NFC North,0,19,Pack,0,84,1846565,15641886,BAJIEPA_23,2,0,6,2026,766246912,4,0,7,304200000,66080000,238120000,3804,26,1168,1,4972,16,769392645,3,NFC North,0,3,3,0,3,63,3791,7,1675,11,5466,5,15,6,1,2,28,32,10,5,1,1,5,0,9,Packers,84,5,15,1,0.64,,,,
1578084,774242330,MadZone,,Panthers,CAR,Carolina,NFC,11,NFC South,0,20,Panthers,10,84,34255,11711675,Grando_Ares,7,0,1,2026,766246912,5,0,5,304200000,25560000,278640000,3270,12,1612,17,4882,12,769392646,3,NFC South,0,2,1,0,5,-52,3172,23,1310,25,4482,29,25,26,0,11,30,26,20,10,1,1,8,0,6,Panthers,84,-3,15,255,0.43,,,,
1578073,774242331,MadZone,,Patriots,NE,New England,AFC,20,AFC East,1,21,Pats,1,85,795456,13111342,DrJanitor87,5,0,2,2026,764805120,6,0,5,304200000,18300000,285900000,3425,16,1474,10,4899,13,769392640,4,AFC East,0,1,2,0,5,-10,3784,8,1166,28,4950,20,16,22,0,27,28,27,18,10,1,1,7,0,7,Patriots,85,1,15,255,0.50,,,,
1578075,774242332,MadZone,,Raiders,LV,Las Vegas,AFC,13,AFC West,0,22,Raiders,0,85,10923696,0,Exocry87,3,0,2,2026,764805120,7,0,3,304200000,22170000,282030000,3932,30,1231,5,5163,22,769392643,3,AFC West,0,1,5,0,4,-16,3082,25,1891,8,4973,18,17,21,0,26,28,27,21,12,1,1,8,0,6,Raiders,85,0,15,1,0.43,,,,
1578092,774242333,MadZone,,Rams,LAR,Los Angeles,NFC,11,NFC West,0,23,Rams,0,85,13716,16765184,Andy-1860,4,0,4,2026,766246912,7,0,3,304200000,43260000,260940000,2981,3,1852,28,4833,10,769392647,3,NFC West,0,2,5,0,1,-25,3857,5,1096,31,4953,19,21,20,1,31,29,27,23,4,1,1,9,0,5,Rams,85,4,15,1,0.36,,,,
1578063,774242334,MadZone,,Ravens,BAL,Baltimore,AFC,18,AFC North,0,24,Ravens,6,85,2364255,0,Mertie_D,6,0,0,2026,764805120,10,0,1,304200000,24060000,280140000,4140,32,1811,27,5951,32,769392641,5,AFC North,0,0,7,0,1,-190,2630,31,1927,7,4557,27,32,27,0,29,38,24,32,16,1,1,13,0,1,Ravens,85,-7,15,255,0.07,,,,
1578085,774242335,MadZone,,Saints,NO,New Orleans,NFC,13,NFC South,0,26,Saints,2,82,13876365,0,LukasPesi,2,0,4,2026,766246912,4,0,7,304200000,49880000,254320000,3664,23,1206,4,4870,11,769392646,2,NFC South,0,3,3,0,5,57,3683,10,1558,16,5241,11,5,15,1,8,25,29,9,3,1,1,5,0,9,Saints,82,15,15,255,0.64,,,,
1578093,774242336,MadZone,,Seahawks,SEA,Seattle,NFC,13,NFC West,1,27,Seahawks,5,84,5426,6929960,arbeiter1896,5,0,1,2026,766246912,6,0,3,304200000,34750000,269450000,3535,21,2138,32,5673,30,769392647,1,NFC West,0,3,6,0,2,-158,2873,30,1632,13,4505,28,27,29,0,19,32,21,26,13,1,1,11,0,3,Seahawks,84,-13,15,250,0.21,,,,
1578064,774242337,MadZone,,Steelers,PIT,Pittsburgh,AFC,17,AFC North,0,28,Steelers,0,87,15641886,0,Qirsan1,2,0,4,2026,764805120,3,0,7,304200000,11630000,292570000,3004,4,1706,24,4710,6,769392641,1,AFC North,0,3,3,0,5,29,4176,2,1109,30,5285,10,18,13,1,22,28,30,12,7,1,1,5,0,9,Steelers,87,-3,15,1,0.64,,,,
1578069,774242338,MadZone,,Texans,HOU,Houston,AFC,20,AFC South,1,31,Texans,2,87,135192,15401000,Robbry_,4,0,2,2026,764805120,7,0,3,304200000,4440000,299760000,3515,20,1591,15,5106,19,769392642,2,AFC South,0,2,7,0,1,-106,3659,11,1413,21,5072,14,28,25,0,12,34,26,27,14,1,1,11,0,3,Texans,87,-8,15,252,0.21,,,,
1578068,774242339,MadZone,,Titans,TEN,Tennessee,AFC,15,AFC South,0,29,Titans,2,86,4494802,5426,Pumaking83,6,0,0,2026,764805120,9,0,2,304200000,23090000,281110000,3904,29,1716,25,5620,29,769392642,5,AFC South,0,0,5,1,2,-169,3255,20,1375,23,4630,26,29,28,0,16,35,23,29,15,1,1,11,1,2,Titans,86,-17,15,1,0.18,,,,
1578081,774242340,MadZone,,Vikings,MIN,Minnesota,NFC,11,NFC North,1,30,Vikes,0,86,5187203,16762415,DeMo_3006,0,0,7,2026,766246912,0,0,11,304200000,11730000,292470000,3870,28,1424,8,5294,24,769392645,0,NFC North,0,5,0,0,7,154,4240,1,1796,9,6036,1,10,1,3,14,27,38,1,1,1,1,0,0,14,Vikings,86,16,15,14,1.00,,,,
